<?xml version="1.0" encoding="UTF-8"?>
<beans xmlns = "http://www.springframework.org/schema/beans"
   xmlns:xsi = "http://www.w3.org/2001/XMLSchema-instance"
   xsi:schemaLocation = "http://www.springframework.org/schema/beans
   http://www.springframework.org/schema/beans/spring-beans-3.0.xsd">
 
   <bean id="eserve" class="com.cg.Service.EmployeeServiveImpl">
   <constructor-arg ref="dao"></constructor-arg>  
   </bean>
   <bean id="dao" class="com.cg.dao.EmployeeDAOImpl">
   <property name="map">
   <map>
   <entry key="100" value-ref="e1"/>
   <entry key="101" value-ref="e2"/>
   <entry key="102" value-ref="e3"/>
   </map>
   </property>
   </bean>
   <bean id="e1" class="com.cg.bean.Employee">
   <property name="eid" value="100"/>
    <property name="ename" value="Ramesh"/>
     <property name="salary" value="60000.0"/>
   </bean>
   <bean id="e2" class="com.cg.bean.Employee">
   <property name="eid" value="101"/>
    <property name="ename" value="Kamesh"/>
     <property name="salary" value="40000.0"/>
   </bean>
   <bean id="e3" class="com.cg.bean.Employee">
   <property name="eid" value="103"/>
    <property name="ename" value="Suresh"/>
     <property name="salary" value="20000.0"/>
   </bean>
   </beans>