<?xml version="1.0" encoding="UTF-8"?>

<beans xmlns = "http://www.springframework.org/schema/beans"
   xmlns:xsi = "http://www.w3.org/2001/XMLSchema-instance"
   xsi:schemaLocation = "http://www.springframework.org/schema/beans
   http://www.springframework.org/schema/beans/spring-beans-3.0.xsd">
   
 
   <bean id="employee" class="com.cg.Employee">
   	<property name="ename" value="suresh">	</property>
   <property name="employeeid" value="10">	</property>
   <property name="salary" value="2000.0">	</property>
   <property name="businessunit" value="Analyst">	</property>
   <property name="age" value="24">	</property>
   
   
   </bean>
   
   </beans>