<?xml version="1.0" encoding="UTF-8"?>
<beans xmlns = "http://www.springframework.org/schema/beans"
   xmlns:xsi = "http://www.w3.org/2001/XMLSchema-instance"
   xsi:schemaLocation = "http://www.springframework.org/schema/beans
   http://www.springframework.org/schema/beans/spring-beans-3.0.xsd">
   
   
   <bean id="sbu" class="com.cg.Sbu">
   <property name="sbucode" value="101"/>
    <property name="sbuname" value="kittu"/>
     <property name="sbuhead" value="Manager"/>
      <property name="elist">
      <list>
     		<ref bean="list1"/>
     		<ref bean="list2"/>
      </list>
      </property>
         <constructor-arg ref="employee"></constructor-arg>
   </bean>
   <bean id="employee" class="com.cg.Employee"/>
  
  
   <bean id="list1" class="com.cg.Employee">
   <property name="ename" value="Suresh"/>
   <property name="eid" value="501"/>
   <property name="salary" value="30000.0"/>
  </bean>
  
   <bean id="list2" class="com.cg.Employee">
   <property name="ename" value="kamesh"/>
   <property name="eid" value="601"/>
   <property name="salary" value="90000.0"/>
  </bean>
   
   </beans>