[[{"location":"C:\\Users\\saisvank\\.m2\\repository\\org\\springframework\\spring-context\\5.0.8.RELEASE\\spring-context-5.0.8.RELEASE.jar","type":"JAR","hints":{}},"ABSENT"],[{"location":"C:\\SpringAssignments\\SpringLab_1.4","type":"PROJECT","hints":{"PROJECT_NAME":"SpringLab_1.4"}},"com.cg:SpringLab_1.4:1.0.0"],[{"location":"C:\\SpringAssignments\\SpringDemo","type":"PROJECT","hints":{"PROJECT_NAME":"SpringDemo"}},"com.cg:SpringDemo:1.0.0"],[{"location":"C:\\Program Files\\Java\\jre1.8.0_131","type":"JRE","hints":{"EXECUTION_ENVIRONMENT":"J2SE-1.5"}},"jre:jre:1.5.0"]]